{
    "loss": [
        1.4452751874923706,
        1.1342777013778687,
        0.9643640518188477,
        0.7968165278434753
    ],
    "accuracy": [
        0.3776721954345703,
        0.4346793293952942,
        0.5558194518089294,
        0.6603325605392456
    ],
    "val_loss": [
        1.0442770719528198,
        1.1750669479370117,
        1.116776704788208,
        1.3017065525054932
    ],
    "val_accuracy": [
        0.49056604504585266,
        0.4716981053352356,
        0.4716981053352356,
        0.46226415038108826
    ]
}
