{
    "loss": 0.7968165278434753,
    "accuracy": 0.6603325605392456,
    "val_loss": 1.3017065525054932,
    "val_accuracy": 0.46226415038108826,
    "test_loss": 1.3634918928146362,
    "test_accuracy": 0.47727271914482117
}
